{"file:///c%3A/Users/kamil/Desktop/serious-game/game/src/tile/TileManager.java":{"language":"Java","code":76,"comment":4,"blank":24},"file:///c%3A/Users/kamil/Desktop/serious-game/game/src/tile/Tile.java":{"language":"Java","code":6,"comment":0,"blank":3},"file:///c%3A/Users/kamil/Desktop/serious-game/game/src/object/SuperObject.java":{"language":"Java","code":26,"comment":0,"blank":7},"file:///c%3A/Users/kamil/Desktop/serious-game/game/src/object/OBJ_Heart.java":{"language":"Java","code":15,"comment":0,"blank":5},"file:///c%3A/Users/kamil/Desktop/serious-game/game/src/object/OBJ_Enemy.java":{"language":"Java","code":13,"comment":0,"blank":3},"file:///c%3A/Users/kamil/Desktop/serious-game/game/src/object/OBJ_Door.java":{"language":"Java","code":14,"comment":0,"blank":3},"file:///c%3A/Users/kamil/Desktop/serious-game/game/src/main/UI.java":{"language":"Java","code":664,"comment":47,"blank":105},"file:///c%3A/Users/kamil/Desktop/serious-game/game/src/main/Score.java":{"language":"Java","code":62,"comment":7,"blank":16},"file:///c%3A/Users/kamil/Desktop/serious-game/game/src/main/Main.java":{"language":"Java","code":17,"comment":0,"blank":6},"file:///c%3A/Users/kamil/Desktop/serious-game/game/src/main/KeyHandler.java":{"language":"Java","code":231,"comment":46,"blank":17},"file:///c%3A/Users/kamil/Desktop/serious-game/game/src/main/GamePanel.java":{"language":"Java","code":104,"comment":12,"blank":23},"file:///c%3A/Users/kamil/Desktop/serious-game/game/src/main/CollisionChecker.java":{"language":"Java","code":117,"comment":0,"blank":18},"file:///c%3A/Users/kamil/Desktop/serious-game/game/src/main/AssetSetter.java":{"language":"Java","code":116,"comment":4,"blank":40},"file:///c%3A/Users/kamil/Desktop/serious-game/game/src/entity/Player.java":{"language":"Java","code":158,"comment":16,"blank":23},"file:///c%3A/Users/kamil/Desktop/serious-game/game/src/entity/Entity.java":{"language":"Java","code":21,"comment":1,"blank":7}}